????? ???? (Title),??? ???? (Year),???? (Genre),???????? (Director),???? ?????? (Country),??? ???? (Runtime),?????? (IMDb Rating),???? IMDb,???? ????? (Poster Search)
Gebo and the Shadow,2012,Drama,Manoel de Oliveira,"Portugal, France",95 min,6.3,?????? ?? IMDb,?????? ?????
Ghost Stories,2017,"Drama, Horror, Mystery","Andy Nyman, Jeremy Dyson",UK,98 min,6.4,?????? ?? IMDb,?????? ?????
Ghost in the Shell,1995,"Animation, Action, Sci-Fi",Mamoru Oshii,Japan,83 min,7.9,?????? ?? IMDb,?????? ?????
Giant,1956,"Drama, Western",George Stevens,USA,201 min,7.6,?????? ?? IMDb,?????? ?????
Gimme Shelter,1970,"Documentary, Music","Albert Maysles, David Maysles, Charlotte Zwerin",USA,91 min,7.8,?????? ?? IMDb,?????? ?????
Girl,2018,Drama,Lukas Dhont,"Belgium, Netherlands",105 min,7.1,?????? ?? IMDb,?????? ?????
Glengarry Glen Ross,1992,"Crime, Drama",James Foley,USA,100 min,7.7,?????? ?? IMDb,?????? ?????
Gloria Bell,2018,"Comedy, Drama, Romance",Sebastián Lelio,"USA, Chile",102 min,6.3,?????? ?? IMDb,?????? ?????
God's Own Country,2017,"Drama, Romance",Francis Lee,UK,104 min,7.6,?????? ?? IMDb,?????? ?????
Golden Earrings,1947,"Adventure, Romance, War",Mitchell Leisen,USA,95 min,6.6,?????? ?? IMDb,?????? ?????
Gone Girl,2014,"Drama, Mystery, Thriller",David Fincher,USA,149 min,8.1,?????? ?? IMDb,?????? ?????
"Good Luck to You, Leo Grande",2022,"Comedy, Drama",Sophie Hyde,"UK, USA",97 min,7.2,?????? ?? IMDb,?????? ?????
"Goodbye, Mr. Chips",1939,"Drama, Romance",Sam Wood,UK,114 min,7.8,?????? ?? IMDb,?????? ?????
Gosford Park,2001,"Comedy, Drama, Mystery",Robert Altman,"UK, USA",137 min,7.2,?????? ?? IMDb,?????? ?????
Grand Central,2013,"Drama, Romance",Rebecca Zlotowski,"France, Austria",94 min,6.2,?????? ?? IMDb,?????? ?????
Grand Prix,1966,"Drama, Sport",John Frankenheimer,USA,179 min,7.2,?????? ?? IMDb,?????? ?????
Graveyard Honor,1987,"Drama, War",Francis Ford Coppola,USA,111 min,6.5,?????? ?? IMDb,?????? ?????
Green Book,2018,"Biography, Comedy, Drama",Peter Farrelly,USA,130 min,8.2,?????? ?? IMDb,?????? ?????
Green Room,2015,"Horror, Thriller",Jeremy Saulnier,USA,95 min,7,?????? ?? IMDb,?????? ?????
Gumshoe,1971,"Comedy, Crime, Mystery",Stephen Frears,UK,88 min,6.4,?????? ?? IMDb,?????? ?????
Gun Crazy,1950,"Action, Crime, Drama",Joseph H. Lewis,USA,87 min,7.6,?????? ?? IMDb,?????? ?????
Guys and Dolls,1955,"Comedy, Crime, Musical",Joseph L. Mankiewicz,USA,150 min,7.1,?????? ?? IMDb,?????? ?????
Insieme (Together),1990,"Comedy, Drama",Francesca Archibugi,Italy,100 min,6.6,?????? ?? IMDb,?????? ?????
Uare the Universe,2024,"Sci-Fi, Comedy, Drama",Pavlo Ostrikov,Ukraine,101 min,7.4,?????? ?? IMDb,?????? ?????
Ugetsu,1953,"Drama, Fantasy, War",Kenji Mizoguchi,Japan,96 min,8.2,?????? ?? IMDb,?????? ?????
Uncle Peckhead,2020,"Comedy, Horror, Music",Matthew John Lawrence,USA,95 min,5.9,?????? ?? IMDb,?????? ?????
Under Capricorn,1949,"Drama, Romance, Thriller",Alfred Hitchcock,UK,117 min,6.3,?????? ?? IMDb,?????? ?????
Under Fire,1983,"Drama, Thriller, War",Roger Spottiswoode,USA,128 min,7,?????? ?? IMDb,?????? ?????
Under Shadow,2016,"Drama, Horror, Mystery",Babak Anvari,"UK, Jordan, Qatar",84 min,6.8,?????? ?? IMDb,?????? ?????
Undercover Blues,1993,"Action, Comedy",Herbert Ross,USA,90 min,6.1,?????? ?? IMDb,?????? ?????
Underground,1995,"Comedy, Drama, War",Emir Kusturica,"Yugoslavia, France, Germany",170 min,8.1,?????? ?? IMDb,?????? ?????
Unforgiven,1992,"Drama, Western",Clint Eastwood,USA,131 min,8.2,?????? ?? IMDb,?????? ?????
Unhinged,2020,"Action, Thriller",Derrick Borte,USA,90 min,6,?????? ?? IMDb,?????? ?????
Unwelcome,2023,"Horror, Mystery, Thriller",Jon Wright,"UK, Ireland",104 min,5.2,?????? ?? IMDb,?????? ?????
Upstream Color,2013,"Drama, Sci-Fi",Shane Carruth,USA,96 min,6.7,?????? ?? IMDb,?????? ?????
Utopia,1951,Comedy,Léo Joannon,"France, Italy",82 min,6.2,?????? ?? IMDb,?????? ?????
V for Vendetta,2005,"Action, Drama, Sci-Fi",James McTeigue,"USA, Germany, UK",132 min,8.2,?????? ?? IMDb,?????? ?????
V.I. Warshawski,1991,"Action, Comedy, Crime",Jeff Kanew,USA,89 min,4.9,?????? ?? IMDb,?????? ?????
Vampire's Kiss,1988,"Comedy, Crime, Fantasy",Robert Bierman,USA,103 min,6.1,?????? ?? IMDb,?????? ?????
Vampires,1998,"Action, Horror, Thriller",John Carpenter,USA,108 min,6.1,?????? ?? IMDb,?????? ?????
Vertigo,1958,"Mystery, Romance, Thriller",Alfred Hitchcock,USA,128 min,8.3,?????? ?? IMDb,?????? ?????
Vigo,1998,"Biography, Drama, Romance",Julien Temple,"UK, Japan",102 min,6.3,?????? ?? IMDb,?????? ?????
Villain,1971,"Crime, Drama, Thriller",Michael Tuchner,UK,106 min,6.5,?????? ?? IMDb,?????? ?????
Visions,2015,"Drama, Horror, Mystery",Kevin Greutert,USA,82 min,5.3,?????? ?? IMDb,?????? ?????
Vita & Virginia,2018,"Biography, Drama, Romance",Chanya Button,"UK, Ireland",110 min,5.6,?????? ?? IMDb,?????? ?????
Voyage of the Damned,1976,"Drama, History, War",Stuart Rosenberg,UK,155 min,6.5,?????? ?? IMDb,?????? ?????
Wagon Master,1950,Western,John Ford,USA,86 min,7.1,?????? ?? IMDb,?????? ?????
Wakanda Forever,2022,"Action, Adventure, Drama",Ryan Coogler,USA,161 min,6.7,?????? ?? IMDb,?????? ?????
Walkabout,1971,"Adventure, Drama",Nicolas Roeg,"UK, Australia",100 min,7.6,?????? ?? IMDb,?????? ?????
Walking Out,2017,"Adventure, Drama, Thriller","Alex Smith, Andrew J. Smith",USA,96 min,5.8,?????? ?? IMDb,?????? ?????
War Horse,2011,"Action, Adventure, Drama",Steven Spielberg,"USA, India",146 min,7.2,?????? ?? IMDb,?????? ?????
Warm Water Under a Red Bridge,2001,"Comedy, Drama, Fantasy",Sh?hei Imamura,"Japan, France",119 min,6.7,?????? ?? IMDb,?????? ?????
Waterloo,1970,"Action, Biography, Drama",Sergei Bondarchuk,"Italy, Soviet Union",134 min,7.3,?????? ?? IMDb,?????? ?????
Waves,2019,"Drama, Romance",Trey Edward Shults,USA,135 min,7.5,?????? ?? IMDb,?????? ?????
We Are Still Here,2015,Horror,Ted Geoghegan,USA,84 min,5.7,?????? ?? IMDb,?????? ?????
We're the Millers,2013,"Comedy, Crime",Rawson Marshall Thurber,USA,110 min,7,?????? ?? IMDb,?????? ?????
Weapons,2007,"Crime, Drama",Adam Bhala Lough,USA,86 min,5.9,?????? ?? IMDb,?????? ?????
Weekend,2011,"Drama, Romance",Andrew Haigh,UK,96 min,7.6,?????? ?? IMDb,?????? ?????
Werewolf,2018,"Drama, Horror, Thriller",Adrian Panek,"Poland, Netherlands, Germany",88 min,6,?????? ?? IMDb,?????? ?????
Werewolves Within,2021,"Comedy, Horror, Mystery",Josh Ruben,USA,97 min,6,?????? ?? IMDb,?????? ?????
Westfront 1918,1930,"Drama, War",G.W. Pabst,Germany,96 min,7.5,?????? ?? IMDb,?????? ?????
Westworld,1973,"Action, Sci-Fi, Thriller",Michael Crichton,USA,88 min,7,?????? ?? IMDb,?????? ?????
What Happened to Monday,2017,"Action, Crime, Sci-Fi",Tommy Wirkola,"UK, France, Belgium",123 min,6.8,?????? ?? IMDb,?????? ?????
What Have They Done to Your Daughters?,1974,"Crime, Mystery, Thriller",Massimo Dallamano,Italy,96 min,6.8,?????? ?? IMDb,?????? ?????
What We Do in the Shadows,2014,"Comedy, Horror","Jemaine Clement, Taika Waititi",New Zealand,85 min,7.6,?????? ?? IMDb,?????? ?????
What You Wish For,2023,Thriller,Nicholas Tomnay,USA,102 min,6.4,?????? ?? IMDb,?????? ?????
What's Eating Gilbert Grape,1993,Drama,Lasse Hallström,USA,118 min,7.7,?????? ?? IMDb,?????? ?????
When Evil Lurks,2023,Horror,Demián Rugna,Argentina,99 min,7,?????? ?? IMDb,?????? ?????
Where the Boys Are,1960,"Comedy, Romance",Henry Levin,USA,99 min,6.4,?????? ?? IMDb,?????? ?????
Whiskey Bandit,2017,"Action, Biography, Crime",Nimród Antal,Hungary,126 min,7,?????? ?? IMDb,?????? ?????
Whiskey Tango Foxtrot,2016,"Biography, Comedy, Drama","Glenn Ficarra, John Requa",USA,112 min,6.6,?????? ?? IMDb,?????? ?????
White,1994,"Comedy, Drama, Romance",Krzysztof Kie?lowski,"Poland, France, Switzerland",92 min,7.6,?????? ?? IMDb,?????? ?????
White Boy Rick,2018,"Crime, Drama",Yann Demange,USA,111 min,6.5,?????? ?? IMDb,?????? ?????
White Material,2009,Drama,Claire Denis,"France, Cameroon",106 min,6.9,?????? ?? IMDb,?????? ?????
White Men Can't Jump,1992,"Comedy, Drama, Sport",Ron Shelton,USA,115 min,6.8,?????? ?? IMDb,?????? ?????
Who Am I,2014,"Crime, Drama, Mystery",Baran bo Odar,Germany,105 min,7.5,?????? ?? IMDb,?????? ?????
Who'll Stop the Rain,1978,"Action, Drama, Thriller",Karel Reisz,USA,126 min,6.7,?????? ?? IMDb,?????? ?????
Wichita,1955,Western,Jacques Tourneur,USA,81 min,6.6,?????? ?? IMDb,?????? ?????
Wild Tales,2014,"Comedy, Drama, Thriller",Damián Szifron,"Argentina, Spain",122 min,8.1,?????? ?? IMDb,?????? ?????
Wildling,2018,"Fantasy, Horror, Mystery",Fritz Böhm,USA,92 min,5.5,?????? ?? IMDb,?????? ?????
Winchester,2018,"Biography, Drama, Horror","Michael Spierig, Peter Spierig","Australia, USA",99 min,5.4,?????? ?? IMDb,?????? ?????
Wind River,2017,"Crime, Drama, Mystery",Taylor Sheridan,"USA, UK, Canada",107 min,7.7,?????? ?? IMDb,?????? ?????
Wings,1927,"Drama, Romance, War",William A. Wellman,USA,144 min,7.5,?????? ?? IMDb,?????? ?????
Winter Sleep,2014,Drama,Nuri Bilge Ceylan,"Turkey, France, Germany",196 min,8,?????? ?? IMDb,?????? ?????
Witchhammer,1970,"Drama, History",Otakar Vávra,Czechoslovakia,105 min,7.8,?????? ?? IMDb,?????? ?????
Wolf Children,2012,"Animation, Drama, Fantasy",Mamoru Hosoda,Japan,117 min,8.1,?????? ?? IMDb,?????? ?????
Woman Times Seven,1967,"Comedy, Drama",Vittorio De Sica,"France, Italy, USA",108 min,6.2,?????? ?? IMDb,?????? ?????
Woman Walks Ahead,2017,"Biography, Drama, History",Susanna White,USA,101 min,6.6,?????? ?? IMDb,?????? ?????
Woman in the Dunes,1964,"Drama, Thriller",Hiroshi Teshigahara,Japan,123 min,8.2,?????? ?? IMDb,?????? ?????
Wonka,2023,"Adventure, Comedy, Family",Paul King,"USA, UK",116 min,7,?????? ?? IMDb,?????? ?????
Woodfall: A Revolution in British Cinema,2018,Documentary,Various Directors,UK,120 min,7.4,?????? ?? IMDb,?????? ?????
World on a Wire,1973,"Sci-Fi, Mystery",Rainer Werner Fassbinder,West Germany,205 min,7.8,?????? ?? IMDb,?????? ?????
Wuthering Heights,1939,"Drama, Romance",William Wyler,USA,104 min,7.5,?????? ?? IMDb,?????? ?????
